[
  {
    "team": "Tampa Bay Lightning",
    "league": "NHL",
    "division": "Atlantic",
    "latitude": 27.9427,
    "longitude": -82.4518,
    "stadium": "Amalie Arena",
    "city": "Tampa",
    "state": "Florida",
    "stadium_id": 1
  },
  {
    "team": "Dallas Stars",
    "league": "NHL",
    "division": "Central",
    "latitude": 32.790556,
    "longitude": -96.810278,
    "stadium": "American Airlines Center",
    "city": "Dallas",
    "state": "Texas",
    "stadium_id": 2
  },
  {
    "team": "Colorado Avalanche",
    "league": "NHL",
    "division": "Central",
    "latitude": 39.7487,
    "longitude": -105.0076,
    "stadium": "Ball Arena",
    "city": "Denver",
    "state": "Colorado",
    "stadium_id": 3
  },
  {
    "team": "Montreal Canadiens",
    "league": "NHL",
    "division": "Atlantic",
    "latitude": 45.496111,
    "longitude": -73.569444,
    "stadium": "Bell Centre",
    "city": "Montreal",
    "state": "Quebec",
    "stadium_id": 4
  },
  {
    "team": "Nashville Predators",
    "league": "NHL",
    "division": "Central",
    "latitude": 36.159167,
    "longitude": -86.778611,
    "stadium": "Bridgestone Arena",
    "city": "Nashville",
    "state": "Tennessee",
    "stadium_id": 5
  },
  {
    "team": "Winnipeg Jets",
    "league": "NHL",
    "division": "Central",
    "latitude": 49.892778,
    "longitude": -97.143611,
    "stadium": "Canada Life Centre",
    "city": "Winnipeg",
    "state": "Manitoba",
    "stadium_id": 6
  },
  {
    "team": "Ottawa Senators",
    "league": "NHL",
    "division": "Atlantic",
    "latitude": 45.2969,
    "longitude": -75.9268,
    "stadium": "Canadian Tire Centre",
    "city": "Ottawa",
    "state": "Ontario",
    "stadium_id": 7
  },
  {
    "team": "Washington Capitals",
    "league": "NHL",
    "division": "Metropolitan",
    "latitude": 38.8982,
    "longitude": -77.0209,
    "stadium": "Capital One Arena",
    "city": "Washington",
    "state": "D.C.",
    "stadium_id": 8
  },
  {
    "team": "Seattle Kraken",
    "league": "NHL",
    "division": "Pacific",
    "latitude": 47.622,
    "longitude": -122.354,
    "stadium": "Climate Pledge Arena",
    "city": "Seattle",
    "state": "Washington",
    "stadium_id": 9
  },
  {
    "team": "Los Angeles Kings",
    "league": "NHL",
    "division": "Pacific",
    "latitude": 34.043056,
    "longitude": -118.267222,
    "stadium": "Crypto.com Arena",
    "city": "Los Angeles",
    "state": "California",
    "stadium_id": 10
  },
  {
    "team": "St. Louis Blues",
    "league": "NHL",
    "division": "Central",
    "latitude": 38.626667,
    "longitude": -90.2025,
    "stadium": "Enterprise Center",
    "city": "St. Louis",
    "state": "Missouri",
    "stadium_id": 11
  },
  {
    "team": "Florida Panthers",
    "league": "NHL",
    "division": "Atlantic",
    "latitude": 26.158333,
    "longitude": -80.325556,
    "stadium": "FLA Live Arena",
    "city": "Sunrise",
    "state": "Florida",
    "stadium_id": 12
  },
  {
    "team": "Arizona Coyotes",
    "league": "NHL",
    "division": "Central",
    "latitude": 33.5321,
    "longitude": -112.2612,
    "stadium": "Gila River Arena",
    "city": "Glendale",
    "state": "Arizona",
    "stadium_id": 13
  },
  {
    "team": "Anaheim Ducks",
    "league": "NHL",
    "division": "Pacific",
    "latitude": 33.807778,
    "longitude": -117.876667,
    "stadium": "Honda Center",
    "city": "Anaheim",
    "state": "California",
    "stadium_id": 14
  },
  {
    "team": "Buffalo Sabres",
    "league": "NHL",
    "division": "Atlantic",
    "latitude": 42.875,
    "longitude": -78.876389,
    "stadium": "KeyBank Center",
    "city": "Buffalo",
    "state": "New York",
    "stadium_id": 15
  },
  {
    "team": "Detroit Red Wings",
    "league": "NHL",
    "division": "Atlantic",
    "latitude": 42.341111,
    "longitude": -83.055,
    "stadium": "Little Caesars Arena",
    "city": "Detroit",
    "state": "Michigan",
    "stadium_id": 16
  },
  {
    "team": "New York Rangers",
    "league": "NHL",
    "division": "Metropolitan",
    "latitude": 40.750556,
    "longitude": -73.993611,
    "stadium": "Madison Square Garden",
    "city": "New York",
    "state": "New York",
    "stadium_id": 17
  },
  {
    "team": "Columbus Blue Jackets",
    "league": "NHL",
    "division": "Metropolitan",
    "latitude": 39.969283,
    "longitude": -83.006111,
    "stadium": "Nationwide Arena",
    "city": "Columbus",
    "state": "Ohio",
    "stadium_id": 18
  },
  {
    "team": "Carolina Hurricanes",
    "league": "NHL",
    "division": "Metropolitan",
    "latitude": 35.803333,
    "longitude": -78.721944,
    "stadium": "PNC Arena",
    "city": "Raleigh",
    "state": "North Carolina",
    "stadium_id": 19
  },
  {
    "team": "Pittsburgh Penguins",
    "league": "NHL",
    "division": "Metropolitan",
    "latitude": 40.439444,
    "longitude": -79.989167,
    "stadium": "PPG Paints Arena",
    "city": "Pittsburgh",
    "state": "Pennsylvania",
    "stadium_id": 20
  },
  {
    "team": "New Jersey Devils",
    "league": "NHL",
    "division": "Metropolitan",
    "latitude": 40.733611,
    "longitude": -74.171111,
    "stadium": "Prudential Center",
    "city": "Newark",
    "state": "New Jersey",
    "stadium_id": 21
  },
  {
    "team": "Vancouver Canucks",
    "league": "NHL",
    "division": "Pacific",
    "latitude": 49.277778,
    "longitude": -123.108889,
    "stadium": "Rogers Arena",
    "city": "Vancouver",
    "state": "British Columbia",
    "stadium_id": 22
  },
  {
    "team": "Edmonton Oilers",
    "league": "NHL",
    "division": "Pacific",
    "latitude": 53.546944,
    "longitude": -113.497778,
    "stadium": "Rogers Place",
    "city": "Edmonton",
    "state": "Alberta",
    "stadium_id": 23
  },
  {
    "team": "San Jose Sharks",
    "league": "NHL",
    "division": "Pacific",
    "latitude": 37.332778,
    "longitude": -121.901111,
    "stadium": "SAP Center at San Jose",
    "city": "San Jose",
    "state": "California",
    "stadium_id": 24
  },
  {
    "team": "Toronto Maple Leafs",
    "league": "NHL",
    "division": "Atlantic",
    "latitude": 43.643333,
    "longitude": -79.379167,
    "stadium": "Scotiabank Arena",
    "city": "Toronto",
    "state": "Ontario",
    "stadium_id": 25
  },
  {
    "team": "Calgary Flames",
    "league": "NHL",
    "division": "Pacific",
    "latitude": 51.0374,
    "longitude": -114.0519,
    "stadium": "Scotiabank Saddledome",
    "city": "Calgary",
    "state": "Alberta",
    "stadium_id": 26
  },
  {
    "team": "Boston Bruins",
    "league": "NHL",
    "division": "Atlantic",
    "latitude": 42.366303,
    "longitude": -71.062228,
    "stadium": "TD Garden",
    "city": "Boston",
    "state": "Massachusetts",
    "stadium_id": 27
  },
  {
    "team": "Vegas Golden Knights",
    "league": "NHL",
    "division": "Pacific",
    "latitude": 36.102778,
    "longitude": -115.178333,
    "stadium": "T-Mobile Arena",
    "city": "Las Vegas",
    "state": "Nevada",
    "stadium_id": 28
  },
  {
    "team": "New York Islanders",
    "league": "NHL",
    "division": "Metropolitan",
    "latitude": 40.712094,
    "longitude": -73.727157,
    "stadium": "UBS Arena",
    "city": "Elmont",
    "state": "New York",
    "stadium_id": 29
  },
  {
    "team": "Chicago Blackhawks",
    "league": "NHL",
    "division": "Central",
    "latitude": 41.880556,
    "longitude": -87.674167,
    "stadium": "United Center",
    "city": "Chicago",
    "state": "Illinois",
    "stadium_id": 30
  },
  {
    "team": "Philadelphia Flyers",
    "league": "NHL",
    "division": "Metropolitan",
    "latitude": 39.901111,
    "longitude": -75.171944,
    "stadium": "Wells Fargo Center",
    "city": "Philadelphia",
    "state": "Pennsylvania",
    "stadium_id": 31
  },
  {
    "team": "Minnesota Wild",
    "league": "NHL",
    "division": "Central",
    "latitude": 44.944722,
    "longitude": -93.101111,
    "stadium": "Xcel Energy Center",
    "city": "Saint Paul",
    "state": "Minnesota",
    "stadium_id": 32
  },
  {
    "team": "Las Vegas Raiders",
    "league": "NFL",
    "division": "AFC West",
    "stadium": "Allegiant Stadium",
    "city": "Paradise",
    "state": "NV",
    "lat": 36.090833,
    "long": -115.183611,
    "stadium_id": 33
  },
  {
    "team": "Kansas City Chiefs",
    "league": "NFL",
    "division": "AFC West",
    "stadium": "Arrowhead Stadium",
    "city": "Kansas City",
    "state": "MO",
    "lat": 39.048889,
    "long": -94.483889,
    "stadium_id": 34
  },
  {
    "team": "Dallas Cowboys",
    "league": "NFL",
    "division": "NFC East",
    "stadium": "AT&T Stadium",
    "city": "Arlington",
    "state": "TX",
    "lat": 32.747778,
    "long": -97.092778,
    "stadium_id": 35
  },
  {
    "team": "Carolina Panthers",
    "league": "NFL",
    "division": "NFC South",
    "stadium": "Bank of America Stadium",
    "city": "Charlotte",
    "state": "NC",
    "lat": 35.225833,
    "long": -80.852778,
    "stadium_id": 36
  },
  {
    "team": "New Orleans Saints",
    "league": "NFL",
    "division": "NFC South",
    "stadium": "Caesars Superdome",
    "city": "New Orleans",
    "state": "LA",
    "lat": 29.950833,
    "long": -90.081111,
    "stadium_id": 37
  },
  {
    "team": "Denver Broncos",
    "league": "NFL",
    "division": "AFC West",
    "stadium": "Empower Field at Mile High",
    "city": "Denver",
    "state": "CO",
    "lat": 39.7439,
    "long": -105.0201,
    "stadium_id": 38
  },
  {
    "team": "Washington Football Team",
    "league": "NFL",
    "division": "NFC East",
    "stadium": "FedExField",
    "city": "Landover",
    "state": "MD",
    "lat": 38.907778,
    "long": -76.864444,
    "stadium_id": 39
  },
  {
    "team": "Cleveland Browns",
    "league": "NFL",
    "division": "AFC North",
    "stadium": "FirstEnergy Stadium",
    "city": "Cleveland",
    "state": "OH",
    "lat": 41.506111,
    "long": -81.699444,
    "stadium_id": 40
  },
  {
    "team": "Detroit Lions",
    "league": "NFL",
    "division": "NFC North",
    "stadium": "Ford Field",
    "city": "Detroit",
    "state": "MI",
    "lat": 42.34,
    "long": -83.045556,
    "stadium_id": 41
  },
  {
    "team": "New England Patriots",
    "league": "NFL",
    "division": "AFC East",
    "latitude": 42.091,
    "longitude": -71.264,
    "stadium": "Gillette Stadium",
    "city": "Foxborough",
    "state": "MA",
    "stadium_id": 42
  },
  {
    "team": "Miami Dolphins",
    "league": "NFL",
    "division": "AFC East",
    "latitude": 25.958056,
    "longitude": -80.238889,
    "stadium": "Hard Rock Stadium",
    "city": "Miami Gardens",
    "state": "FL",
    "stadium_id": 43
  },
  {
    "team": "Pittsburgh Steelers",
    "league": "NFL",
    "division": "AFC North",
    "latitude": 40.446667,
    "longitude": -80.015833,
    "stadium": "Heinz Field",
    "city": "Pittsburgh",
    "state": "PA",
    "stadium_id": 44
  },
  {
    "team": "Buffalo Bills",
    "league": "NFL",
    "division": "AFC East",
    "latitude": 42.774,
    "longitude": -78.787,
    "stadium": "New Era Field",
    "city": "Orchard Park",
    "state": "NY",
    "stadium_id": 45
  },
  {
    "team": "Green Bay Packers",
    "league": "NFL",
    "division": "NFC North",
    "latitude": 44.501389,
    "longitude": -88.062222,
    "stadium": "Lambeau Field",
    "city": "Green Bay",
    "state": "WI",
    "stadium_id": 46
  },
  {
    "team": "San Francisco 49ers",
    "league": "NFL",
    "division": "NFC West",
    "latitude": 37.403,
    "longitude": -121.97,
    "stadium": "Levi's Stadium",
    "city": "Santa Clara",
    "state": "CA",
    "stadium_id": 47
  },
  {
    "team": "Philadelphia Eagles",
    "league": "NFL",
    "division": "NFC East",
    "latitude": 39.900833,
    "longitude": -75.1675,
    "stadium": "Lincoln Financial Field",
    "city": "Philadelphia",
    "state": "PA",
    "stadium_id": 48
  },
  {
    "team": "Indianapolis Colts",
    "league": "NFL",
    "division": "AFC South",
    "latitude": 39.760056,
    "longitude": -86.163806,
    "stadium": "Lucas Oil Stadium",
    "city": "Indianapolis",
    "state": "IN",
    "stadium_id": 49
  },
  {
    "team": "Seattle Seahawks",
    "league": "NFL",
    "division": "NFC West",
    "latitude": 47.5952,
    "longitude": -122.3316,
    "stadium": "CenturyLink Field",
    "city": "Seattle",
    "state": "WA",
    "stadium_id": 50
  },
  {
    "team": "Baltimore Ravens",
    "league": "NFL",
    "division": "AFC North",
    "latitude": 39.278056,
    "longitude": -76.622778,
    "stadium": "M&T Bank Stadium",
    "city": "Baltimore",
    "state": "MD",
    "stadium_id": 51
  },
  {
    "team": "Atlanta Falcons",
    "league": "NFL",
    "division": "NFC South",
    "latitude": 33.755556,
    "longitude": -84.4,
    "stadium": "Mercedes-Benz Stadium",
    "city": "Atlanta",
    "state": "Georgia",
    "stadium_id": 52
  },
  {
    "team": "New York Giants",
    "league": "NFL",
    "division": "NFC East",
    "latitude": 40.813528,
    "longitude": -74.074361,
    "stadium": "MetLife Stadium",
    "city": "East Rutherford",
    "state": "New Jersey",
    "stadium_id": 53
  },
  {
    "team": "New York Jets",
    "league": "NFL",
    "division": "AFC East",
    "latitude": 40.813528,
    "longitude": -74.074361,
    "stadium": "MetLife Stadium",
    "city": "East Rutherford",
    "state": "New Jersey",
    "stadium_id": 54
  },
  {
    "team": "Tennessee Titans",
    "league": "NFL",
    "division": "AFC South",
    "latitude": 36.166389,
    "longitude": -86.771389,
    "stadium": "Nissan Stadium",
    "city": "Nashville",
    "state": "Tennessee",
    "stadium_id": 55
  },
  {
    "team": "Houston Texans",
    "league": "NFL",
    "division": "AFC South",
    "latitude": 29.684722,
    "longitude": -95.410833,
    "stadium": "NRG Stadium",
    "city": "Houston",
    "state": "Texas",
    "stadium_id": 56
  },
  {
    "team": "Cincinnati Bengals",
    "league": "NFL",
    "division": "AFC North",
    "latitude": 39.095,
    "longitude": -84.516,
    "stadium": "Paul Brown Stadium",
    "city": "Cincinnati",
    "state": "Ohio",
    "stadium_id": 57
  },
  {
    "team": "Tampa Bay Buccaneers",
    "league": "NFL",
    "division": "NFC South",
    "latitude": 27.975833,
    "longitude": -82.503333,
    "stadium": "Raymond James Stadium",
    "city": "Tampa",
    "state": "Florida",
    "stadium_id": 58
  },
  {
    "team": "Los Angeles Rams",
    "league": "NFL",
    "division": "NFC West",
    "latitude": 33.95345,
    "longitude": -118.3392,
    "stadium": "SoFi Stadium",
    "city": "Inglewood",
    "state": "California",
    "stadium_id": 59
  },
  {
    "team": "Los Angeles Chargers",
    "league": "NFL",
    "division": "AFC West",
    "latitude": 33.95345,
    "longitude": -118.3392,
    "stadium": "SoFi Stadium",
    "city": "Inglewood",
    "state": "California",
    "stadium_id": 60
  },
  {
    "team": "Chicago Bears",
    "league": "NFL",
    "division": "NFC North",
    "latitude": 41.8623,
    "longitude": -87.6167,
    "stadium": "Soldier Field",
    "city": "Chicago",
    "state": "Illinois",
    "stadium_id": 61
  },
  {
    "team": "Arizona Cardinals",
    "league": "NFL",
    "division": "NFC West",
    "latitude": 33.528,
    "longitude": -112.263,
    "stadium": "State Farm Stadium",
    "city": "Glendale",
    "state": "Arizona",
    "stadium_id": 62
  },
  {
    "team": "Jacksonville Jaguars",
    "league": "NFL",
    "division": "AFC South",
    "latitude": 30.323889,
    "longitude": -81.6375,
    "stadium": "TIAA Bank Field",
    "city": "Jacksonville",
    "state": "Florida",
    "stadium_id": 63
  },
  {
    "team": "Minnesota Vikings",
    "league": "NFL",
    "division": "NFC North",
    "latitude": 44.974,
    "longitude": -93.258,
    "stadium": "U.S. Bank Stadium",
    "city": "Minneapolis",
    "state": "Minnesota",
    "stadium_id": 64
  },
  {
    "team": "Dallas Mavericks",
    "league": "NBA",
    "division": "West",
    "latitude": 32.790556,
    "longitude": -96.810278,
    "stadium": "American Airlines Center",
    "city": "Dallas",
    "state": "Texas",
    "stadium_id": 65
  },
  {
    "team": "Orlando Magic",
    "league": "NBA",
    "division": "East",
    "latitude": 28.539167,
    "longitude": -81.383611,
    "stadium": "Amway Center",
    "city": "Orlando",
    "state": "Florida",
    "stadium_id": 66
  },
  {
    "team": "San Antonio Spurs",
    "league": "NBA",
    "division": "West",
    "latitude": 29.426944,
    "longitude": -98.4375,
    "stadium": "AT&T Center",
    "city": "San Antonio",
    "state": "Texas",
    "stadium_id": 67
  },
  {
    "team": "Denver Nuggets",
    "league": "NBA",
    "division": "West",
    "latitude": 39.74892,
    "longitude": -105.0084,
    "stadium": "Ball Arena",
    "city": "Denver",
    "state": "Colorado",
    "stadium_id": 68
  },
  {
    "team": "Brooklyn Nets",
    "league": "NBA",
    "division": "East",
    "stadium": "Barclays Center",
    "city": "Brooklyn",
    "state": "New York",
    "latitude": 40.682661,
    "longitude": -73.975225,
    "stadium_id": 69
  },
  {
    "team": "Washington Wizards",
    "league": "NBA",
    "division": "East",
    "stadium": "Capital One Arena",
    "city": "Washington",
    "state": "DC",
    "latitude": 38.8982,
    "longitude": -77.0209,
    "stadium_id": 70
  },
  {
    "team": "Golden State Warriors",
    "league": "NBA",
    "division": "West",
    "stadium": "Chase Center",
    "city": "San Francisco",
    "state": "California",
    "latitude": 37.768056,
    "longitude": -122.3875,
    "stadium_id": 71
  },
  {
    "team": "Los Angeles Clippers",
    "league": "NBA",
    "division": "West",
    "stadium": "Crypto.com Arena",
    "city": "Los Angeles",
    "state": "California",
    "latitude": 34.043056,
    "longitude": -118.267222,
    "stadium_id": 72
  },
  {
    "team": "Los Angeles Lakers",
    "league": "NBA",
    "division": "West",
    "stadium": "Crypto.com Arena",
    "city": "Los Angeles",
    "state": "California",
    "latitude": 34.043056,
    "longitude": -118.267222,
    "stadium_id": 73
  },
  {
    "team": "Memphis Grizzlies",
    "league": "NBA",
    "division": "West",
    "stadium": "FedExForum",
    "city": "Memphis",
    "state": "Tennessee",
    "latitude": 35.138333,
    "longitude": -90.050556,
    "stadium_id": 74
  },
  {
    "team": "Milwaukee Bucks",
    "league": "NBA",
    "division": "East",
    "stadium": "Fiserv Forum",
    "city": "Milwaukee",
    "state": "Wisconsin",
    "latitude": 43.045028,
    "longitude": -87.918167,
    "stadium_id": 75
  },
  {
    "team": "Phoenix Suns",
    "league": "NBA",
    "division": "West",
    "stadium": "Footprint Center",
    "city": "Phoenix",
    "state": "Arizona",
    "latitude": 33.445833,
    "longitude": -112.071389,
    "stadium_id": 76
  },
  {
    "team": "Miami Heat",
    "league": "NBA",
    "division": "East",
    "stadium": "FTX Arena",
    "city": "Miami",
    "state": "Florida",
    "latitude": 25.781389,
    "longitude": -80.188056,
    "stadium_id": 77
  },
  {
    "team": "Indiana Pacers",
    "league": "NBA",
    "division": "East",
    "stadium": "Gainbridge Fieldhouse",
    "city": "Indianapolis",
    "state": "Indiana",
    "latitude": 39.763889,
    "longitude": -86.155556,
    "stadium_id": 78
  },
  {
    "team": "Sacramento Kings",
    "league": "NBA",
    "division": "West",
    "stadium": "Golden 1 Center",
    "city": "Sacramento",
    "state": "California",
    "latitude": 38.580361,
    "longitude": -121.499611,
    "stadium_id": 79
  },
  {
    "team": "Detroit Pistons",
    "league": "NBA",
    "division": "East",
    "stadium": "Little Caesars Arena",
    "city": "Detroit",
    "state": "Michigan",
    "latitude": 42.341111,
    "longitude": -83.055,
    "stadium_id": 80
  },
  {
    "team": "New York Knicks",
    "league": "NBA",
    "division": "East",
    "stadium": "Madison Square Garden",
    "city": "New York",
    "state": "New York",
    "latitude": 40.750556,
    "longitude": -73.993611,
    "stadium_id": 81
  },
  {
    "team": "Portland Trail Blazers",
    "league": "NBA",
    "division": "West",
    "stadium": "Moda Center",
    "city": "Portland",
    "state": "Oregon",
    "latitude": 45.531667,
    "longitude": -122.666667,
    "stadium_id": 82
  },
  {
    "team": "Oklahoma City Thunder",
    "league": "NBA",
    "division": "West",
    "stadium": "Paycom Center",
    "city": "Oklahoma City",
    "state": "Oklahoma",
    "latitude": 35.463333,
    "longitude": -97.515,
    "stadium_id": 83
  },
  {
    "team": "Cleveland Cavaliers",
    "league": "NBA",
    "division": "East",
    "stadium": "Rocket Mortgage FieldHouse",
    "city": "Cleveland",
    "state": "Ohio",
    "latitude": 41.496389,
    "longitude": -81.688056,
    "stadium_id": 84
  },
  {
    "team": "Toronto Raptors",
    "league": "NBA",
    "division": "East",
    "stadium": "Scotiabank Arena",
    "city": "Toronto",
    "state": "Ontario",
    "latitude": 43.643333,
    "longitude": -79.379167,
    "stadium_id": 85
  },
  {
    "team": "New Orleans Pelicans",
    "league": "NBA",
    "division": "West",
    "stadium": "Smoothie King Center",
    "city": "New Orleans",
    "state": "Louisiana",
    "latitude": 29.948889,
    "longitude": -90.081944,
    "stadium_id": 86
  },
  {
    "team": "Charlotte Hornets",
    "league": "NBA",
    "division": "East",
    "stadium": "Spectrum Center",
    "city": "Charlotte",
    "state": "North Carolina",
    "latitude": 35.225,
    "longitude": -80.839167,
    "stadium_id": 87
  },
  {
    "team": "Atlanta Hawks",
    "league": "NBA",
    "division": "East",
    "stadium": "State Farm Arena",
    "city": "Atlanta",
    "state": "Georgia",
    "latitude": 33.757222,
    "longitude": -84.396389,
    "stadium_id": 88
  },
  {
    "team": "Minnesota Timberwolves",
    "league": "NBA",
    "division": "West",
    "stadium": "Target Center",
    "city": "Minneapolis",
    "state": "Minnesota",
    "latitude": 44.9795,
    "longitude": -93.2761,
    "stadium_id": 89
  },
  {
    "team": "Boston Celtics",
    "league": "NBA",
    "division": "East",
    "stadium": "TD Garden",
    "city": "Boston",
    "state": "Massachusetts",
    "latitude": 42.366303,
    "longitude": -71.062228,
    "stadium_id": 90
  },
  {
    "team": "Houston Rockets",
    "league": "NBA",
    "division": "West",
    "stadium": "Toyota Center",
    "city": "Houston",
    "state": "Texas",
    "latitude": 29.750833,
    "longitude": -95.362222,
    "stadium_id": 91
  },
  {
    "team": "Chicago Bulls",
    "league": "NBA",
    "division": "East",
    "stadium": "United Center",
    "city": "Chicago",
    "state": "Illinois",
    "latitude": 41.880556,
    "longitude": -87.674167,
    "stadium_id": 92
  },
  {
    "team": "Utah Jazz",
    "league": "NBA",
    "division": "West",
    "stadium": "Vivint Arena",
    "city": "Salt Lake City",
    "state": "Utah",
    "latitude": 40.768333,
    "longitude": -111.901111,
    "stadium_id": 93
  },
  {
    "team": "Philadelphia 76ers",
    "league": "NBA",
    "division": "East",
    "stadium": "Wells Fargo Center",
    "city": "Philadelphia",
    "state": "Pennsylvania",
    "latitude": 39.901111,
    "longitude": -75.171944,
    "stadium_id": 94
  },
  {
    "team": "Minnesota United FC",
    "league": "MLS",
    "conference": "Western Conference",
    "latitude": 44.952778,
    "longitude": -93.165,
    "stadium": "Allianz Field",
    "city": "Saint Paul",
    "state": "Minnesota",
    "stadium_id": 95
  },
  {
    "team": "D.C. United",
    "league": "MLS",
    "conference": "Eastern Conference",
    "latitude": 38.868333,
    "longitude": -77.012222,
    "stadium": "Audi Field",
    "city": "Washington",
    "state": "District of Columbia",
    "stadium_id": 96
  },
  {
    "team": "Los Angeles FC",
    "league": "MLS",
    "conference": "Western Conference",
    "latitude": 34.013056,
    "longitude": -118.285,
    "stadium": "Banc of California Stadium",
    "city": "Los Angeles",
    "state": "California",
    "stadium_id": 97
  },
  {
    "team": "Vancouver Whitecaps FC",
    "league": "MLS",
    "conference": "Western Conference",
    "latitude": 49.276667,
    "longitude": -123.111944,
    "stadium": "BC Place",
    "city": "Vancouver",
    "state": "British Columbia",
    "stadium_id": 98
  },
  {
    "team": "Toronto FC",
    "league": "MLS",
    "conference": "Eastern Conference",
    "latitude": 43.632778,
    "longitude": -79.418611,
    "stadium": "BMO Field",
    "city": "Toronto",
    "state": "Ontario",
    "stadium_id": 99
  },
  {
    "team": "Sporting Kansas City",
    "league": "MLS",
    "conference": "Western Conference",
    "latitude": 39.1218,
    "longitude": -94.8237,
    "stadium": "Children's Mercy Park",
    "city": "Kansas City",
    "state": "Kansas",
    "stadium_id": 100
  },
  {
    "team": "Colorado Rapids",
    "league": "MLS",
    "conference": "Western Conference",
    "latitude": 39.805556,
    "longitude": -104.891944,
    "stadium": "Dick's Sporting Goods Park",
    "city": "Commerce City",
    "state": "Colorado",
    "stadium_id": 101
  },
  {
    "team": "LA Galaxy",
    "league": "MLS",
    "conference": "Western Conference",
    "latitude": 33.864444,
    "longitude": -118.261111,
    "stadium": "Dignity Health Sports Park",
    "city": "Carson",
    "state": "California",
    "stadium_id": 102
  },
  {
    "team": "Inter Miami CF",
    "league": "MLS",
    "conference": "Eastern Conference",
    "latitude": 26.193056,
    "longitude": -80.161111,
    "stadium": "DRV PNK Stadium",
    "city": "Fort Lauderdale",
    "state": "Florida",
    "stadium_id": 103
  },
  {
    "team": "Orlando City SC",
    "league": "MLS",
    "conference": "Eastern Conference",
    "latitude": 28.624397,
    "longitude": -81.389036,
    "stadium": "Exploria Stadium",
    "city": "Orlando",
    "state": "Florida",
    "stadium_id": 104
  },
  {
    "team": "New England Revolution",
    "league": "MLS",
    "conference": "Eastern Conference",
    "latitude": 42.090944,
    "longitude": -71.264344,
    "stadium": "Gillette Stadium",
    "city": "Foxborough",
    "state": "Massachusetts",
    "stadium_id": 105
  },
  {
    "team": "Columbus Crew",
    "league": "MLS",
    "conference": "Eastern Conference",
    "latitude": 39.968461,
    "longitude": -83.017089,
    "stadium": "Lower.com Field",
    "city": "Columbus",
    "state": "Ohio",
    "stadium_id": 106
  },
  {
    "team": "Seattle Sounders FC",
    "league": "MLS",
    "conference": "Western Conference",
    "latitude": 47.5952,
    "longitude": -122.3316,
    "stadium": "Lumen Field",
    "city": "Seattle",
    "state": "Washington",
    "stadium_id": 107
  },
  {
    "team": "Atlanta United FC",
    "league": "MLS",
    "conference": "Eastern Conference",
    "latitude": 33.755361,
    "longitude": -84.401192,
    "stadium": "Mercedes-Benz Stadium",
    "city": "Atlanta",
    "state": "Georgia",
    "stadium_id": 108
  },
  {
    "team": "Nashville SC",
    "league": "MLS",
    "conference": "Eastern Conference",
    "latitude": 36.166389,
    "longitude": -86.771389,
    "stadium": "Nissan Stadium",
    "city": "Nashville",
    "state": "Tennessee",
    "stadium_id": 109
  },
  {
    "team": "San Jose Earthquakes",
    "league": "MLS",
    "conference": "Western Conference",
    "latitude": 37.351389,
    "longitude": -121.925,
    "stadium": "PayPal Park",
    "city": "San Jose",
    "state": "California",
    "stadium_id": 110
  },
  {
    "team": "Houston Dynamo FC",
    "league": "MLS",
    "conference": "Western Conference",
    "latitude": 29.7522,
    "longitude": -95.3524,
    "stadium": "PNC Stadium",
    "city": "Houston",
    "state": "Texas",
    "stadium_id": 111
  },
  {
    "team": "Portland Timbers",
    "league": "MLS",
    "conference": "Western Conference",
    "latitude": 45.521389,
    "longitude": -122.691667,
    "stadium": "Providence Park",
    "city": "Portland",
    "state": "Oregon",
    "stadium_id": 112
  },
  {
    "team": "Austin FC",
    "league": "MLS",
    "conference": "Western Conference",
    "latitude": 30.388206,
    "longitude": -97.719864,
    "stadium": "Q2 Stadium",
    "city": "Austin",
    "state": "Texas",
    "stadium_id": 113
  },
  {
    "team": "New York Red Bulls",
    "league": "MLS",
    "conference": "Eastern Conference",
    "latitude": 40.736667,
    "longitude": -74.150278,
    "stadium": "Red Bull Arena",
    "city": "Harrison",
    "state": "New Jersey",
    "stadium_id": 114
  },
  {
    "team": "Real Salt Lake",
    "league": "MLS",
    "conference": "Western Conference",
    "latitude": 40.582923,
    "longitude": -111.893156,
    "stadium": "Rio Tinto Stadium",
    "city": "Sandy",
    "state": "Utah",
    "stadium_id": 115
  },
  {
    "team": "CF Montréal",
    "league": "MLS",
    "conference": "Eastern Conference",
    "latitude": 45.563056,
    "longitude": -73.5525,
    "stadium": "Stade Saputo",
    "city": "Montreal",
    "state": "Quebec",
    "stadium_id": 116
  },
  {
    "team": "Chicago Fire FC",
    "league": "MLS",
    "conference": "Eastern Conference",
    "latitude": 41.8623,
    "longitude": -87.6167,
    "stadium": "Soldier Field",
    "city": "Chicago",
    "state": "Illinois",
    "stadium_id": 117
  },
  {
    "team": "Philadelphia Union",
    "league": "MLS",
    "conference": "Eastern Conference",
    "latitude": 39.832222,
    "longitude": -75.378889,
    "stadium": "Subaru Park",
    "city": "Chester",
    "state": "Pennsylvania",
    "stadium_id": 118
  },
  {
    "team": "FC Dallas",
    "league": "MLS",
    "conference": "Western Conference",
    "latitude": 33.154444,
    "longitude": -96.835278,
    "stadium": "Toyota Stadium",
    "city": "Frisco",
    "state": "Texas",
    "stadium_id": 119
  },
  {
    "team": "FC Cincinnati",
    "league": "MLS",
    "conference": "Eastern Conference",
    "latitude": 39.111389,
    "longitude": -84.522222,
    "stadium": "TQL Stadium",
    "city": "Cincinnati",
    "state": "Ohio",
    "stadium_id": 120
  },
  {
    "team": "New York City FC",
    "league": "MLS",
    "conference": "Eastern Conference",
    "latitude": 40.829167,
    "longitude": -73.926389,
    "stadium": "Yankee Stadium",
    "city": "New York City",
    "state": "New York",
    "stadium_id": 121
  },
  {
    "team": "Milwaukee Brewers",
    "league": "MLB",
    "division": "NL Central",
    "latitude": 43.028333,
    "longitude": -87.971111,
    "stadium": "American Family Field",
    "city": "Milwaukee",
    "state": "Wisconsin",
    "stadium_id": 122
  },
  {
    "team": "Los Angeles Angels",
    "league": "MLB",
    "division": "AL West",
    "latitude": 33.800278,
    "longitude": -117.882778,
    "stadium": "Angel Stadium of Anaheim",
    "city": "Anaheim",
    "state": "California",
    "stadium_id": 123
  },
  {
    "team": "St. Louis Cardinals",
    "league": "MLB",
    "division": "NL Central",
    "latitude": 38.6225,
    "longitude": -90.193056,
    "stadium": "Busch Stadium",
    "city": "St. Louis",
    "state": "Missouri",
    "stadium_id": 124
  },
  {
    "team": "Arizona Diamondbacks",
    "league": "MLB",
    "division": "NL West",
    "latitude": 33.445278,
    "longitude": -112.066944,
    "stadium": "Chase Field",
    "city": "Phoenix",
    "state": "Arizona",
    "stadium_id": 125
  },
  {
    "team": "New York Mets",
    "league": "MLB",
    "division": "NL East",
    "latitude": 40.756944,
    "longitude": -73.845833,
    "stadium": "Citi Field",
    "city": "New York City",
    "state": "New York",
    "stadium_id": 126
  },
  {
    "team": "Philadelphia Phillies",
    "league": "MLB",
    "division": "NL East",
    "latitude": 39.905833,
    "longitude": -75.166389,
    "stadium": "Citizens Bank Park",
    "city": "Philadelphia",
    "state": "Pennsylvania",
    "stadium_id": 127
  },
  {
    "team": "Detroit Tigers",
    "league": "MLB",
    "division": "AL Central",
    "latitude": 42.339167,
    "longitude": -83.048611,
    "stadium": "Comerica Park",
    "city": "Detroit",
    "state": "Michigan",
    "stadium_id": 128
  },
  {
    "team": "Colorado Rockies",
    "league": "MLB",
    "division": "NL West",
    "latitude": 39.756111,
    "longitude": -104.994167,
    "stadium": "Coors Field",
    "city": "Denver",
    "state": "Colorado",
    "stadium_id": 129
  },
  {
    "team": "Los Angeles Dodgers",
    "league": "MLB",
    "division": "NL West",
    "latitude": 34.073611,
    "longitude": -118.24,
    "stadium": "Dodger Stadium",
    "city": "Los Angeles",
    "state": "California",
    "stadium_id": 130
  },
  {
    "team": "Boston Red Sox",
    "league": "MLB",
    "division": "AL East",
    "latitude": 42.34625,
    "longitude": -71.09775,
    "stadium": "Fenway Park",
    "city": "Boston",
    "state": "Massachusetts",
    "stadium_id": 131
  },
  {
    "team": "Texas Rangers",
    "league": "MLB",
    "division": "AL West",
    "latitude": 32.747361,
    "longitude": -97.084167,
    "stadium": "Globe Life Field",
    "city": "Arlington",
    "state": "Texas",
    "stadium_id": 132
  },
  {
    "team": "Cincinnati Reds",
    "league": "MLB",
    "division": "NL Central",
    "latitude": 39.0975,
    "longitude": -84.506667,
    "stadium": "Great American Ball Park",
    "city": "Cincinnati",
    "state": "Ohio",
    "stadium_id": 133
  },
  {
    "team": "Chicago White Sox",
    "league": "MLB",
    "division": "AL Central",
    "latitude": 41.83,
    "longitude": -87.633889,
    "stadium": "Guaranteed Rate Field",
    "city": "Chicago",
    "state": "Illinois",
    "stadium_id": 134
  },
  {
    "team": "Kansas City Royals",
    "league": "MLB",
    "division": "AL Central",
    "latitude": 39.051,
    "longitude": -94.48,
    "stadium": "Kauffman Stadium",
    "city": "Kansas City",
    "state": "Missouri",
    "stadium_id": 135
  },
  {
    "team": "Miami Marlins",
    "league": "MLB",
    "division": "NL East",
    "latitude": 25.778056,
    "longitude": -80.219722,
    "stadium": "LoanDepot Park",
    "city": "Miami",
    "state": "Florida",
    "stadium_id": 136
  },
  {
    "team": "Houston Astros",
    "league": "MLB",
    "division": "AL West",
    "latitude": 29.756944,
    "longitude": -95.355556,
    "stadium": "Minute Maid Park",
    "city": "Houston",
    "state": "Texas",
    "stadium_id": 137
  },
  {
    "team": "Washington Nationals",
    "league": "MLB",
    "division": "NL East",
    "latitude": 38.872778,
    "longitude": -77.0075,
    "stadium": "Nationals Park",
    "city": "Washington D.C.",
    "state": "District of Columbia",
    "stadium_id": 138
  },
  {
    "team": "Oakland Athletics",
    "league": "MLB",
    "division": "AL West",
    "latitude": 37.751667,
    "longitude": -122.200556,
    "stadium": "Oakland Coliseum",
    "city": "Oakland",
    "state": "California",
    "stadium_id": 139
  },
  {
    "team": "San Francisco Giants",
    "league": "MLB",
    "division": "NL West",
    "latitude": 37.778611,
    "longitude": -122.389167,
    "stadium": "Oracle Park",
    "city": "San Francisco",
    "state": "California",
    "stadium_id": 140
  },
  {
    "team": "Baltimore Orioles",
    "league": "MLB",
    "division": "AL East",
    "latitude": 39.283889,
    "longitude": -76.621667,
    "stadium": "Oriole Park at Camden Yards",
    "city": "Baltimore",
    "state": "Maryland",
    "stadium_id": 141
  },
  {
    "team": "San Diego Padres",
    "league": "MLB",
    "division": "NL West",
    "latitude": 32.7073,
    "longitude": -117.1566,
    "stadium": "Petco Park",
    "city": "San Diego",
    "state": "California",
    "stadium_id": 142
  },
  {
    "team": "Pittsburgh Pirates",
    "league": "MLB",
    "division": "NL Central",
    "latitude": 40.446944,
    "longitude": -80.005833,
    "stadium": "PNC Park",
    "city": "Pittsburgh",
    "state": "Pennsylvania",
    "stadium_id": 143
  },
  {
    "team": "Cleveland Guardians",
    "league": "MLB",
    "division": "AL Central",
    "latitude": 41.495833,
    "longitude": -81.685278,
    "stadium": "Progressive Field",
    "city": "Cleveland",
    "state": "Ohio",
    "stadium_id": 144
  },
  {
    "team": "Toronto Blue Jays",
    "league": "MLB",
    "division": "AL East",
    "latitude": 43.641389,
    "longitude": -79.389167,
    "stadium": "Rogers Centre",
    "city": "Toronto",
    "state": "Ontario",
    "stadium_id": 145
  },
  {
    "team": "Seattle Mariners",
    "league": "MLB",
    "division": "AL West",
    "latitude": 47.591,
    "longitude": -122.333,
    "stadium": "T-Mobile Park",
    "city": "Seattle",
    "state": "Washington",
    "stadium_id": 146
  },
  {
    "team": "Minnesota Twins",
    "league": "MLB",
    "division": "AL Central",
    "latitude": 44.981667,
    "longitude": -93.278333,
    "stadium": "Target Field",
    "city": "Minneapolis",
    "state": "Minnesota",
    "stadium_id": 147
  },
  {
    "team": "Tampa Bay Rays",
    "league": "MLB",
    "division": "AL East",
    "latitude": 27.768333,
    "longitude": -82.653333,
    "stadium": "Tropicana Field",
    "city": "St. Petersburg",
    "state": "Florida",
    "stadium_id": 148
  },
  {
    "team": "Atlanta Braves",
    "league": "MLB",
    "division": "NL East",
    "latitude": 33.89,
    "longitude": -84.468,
    "stadium": "Truist Park",
    "city": "Atlanta",
    "state": "Georgia",
    "stadium_id": 149
  },
  {
    "team": "Chicago Cubs",
    "league": "MLB",
    "division": "NL Central",
    "latitude": 41.948056,
    "longitude": -87.655556,
    "stadium": "Wrigley Field",
    "city": "Chicago",
    "state": "Illinois",
    "stadium_id": 150
  },
  {
    "team": "New York Yankees",
    "league": "MLB",
    "division": "AL East",
    "latitude": 40.829167,
    "longitude": -73.926389,
    "stadium": "Yankee Stadium",
    "city": "New York City",
    "state": "New York",
    "stadium_id": 151
  }
]
